{
    "y": [
        0.8901293750000001,
        0.8901158108901976,
        0.8900878601053845,
        0.8901520687278073
    ],
    "dy": [
        1.0,
        -1.0,
        1.0,
        1.0
    ],
    "ddy": [
        -1.0,
        -1.0,
        1.0,
        -1.0
    ],
    "bal": [
        "916.8962",
        "916.8962",
        "916.8962",
        "916.8962"
    ]
}