{
    "y": [
        0.8953584375000001,
        0.8953763279914855,
        0.8953234826109546,
        0.8952120351251442,
        0.8949824940253799,
        0.894921875,
        0.8948607939529418,
        0.8948018540079635,
        0.8948168257047867,
        0.8947603483243716,
        0.8947160006243204,
        0.8945154486390315,
        0.8945172799288168,
        0.8945856855914928,
        0.8946702264275187,
        0.894691677798565,
        0.8946230628300369,
        0.8945776249113602,
        0.8947828741612293,
        0.8948249040792549,
        0.8947408061036173,
        0.8948033406753735,
        0.8948291691831096,
        0.8948139805162327,
        0.894845625,
        0.8948306085586548,
        0.8948146875
    ],
    "dy": [
        1.0,
        1.0,
        -1.0,
        -1.0,
        -1.0,
        -1.0,
        -1.0,
        -1.0,
        -1.0,
        -1.0,
        -1.0,
        -1.0,
        1.0,
        1.0,
        1.0,
        -1.0,
        -1.0,
        -1.0,
        1.0,
        1.0,
        -1.0,
        1.0,
        1.0,
        -1.0,
        -1.0,
        1.0,
        1.0
    ],
    "ddy": [
        -1.0,
        1.0,
        1.0,
        1.0,
        1.0,
        -1.0,
        1.0,
        1.0,
        -1.0,
        1.0,
        1.0,
        1.0,
        1.0,
        1.0,
        -1.0,
        -1.0,
        1.0,
        1.0,
        -1.0,
        -1.0,
        1.0,
        -1.0,
        -1.0,
        1.0,
        -1.0,
        1.0,
        -1.0
    ],
    "bal": [
        914.104,
        914.104,
        914.104,
        914.104,
        914.104,
        913.5574,
        913.5574,
        913.5574,
        913.5574,
        913.5574,
        913.5574,
        913.5574,
        913.5574,
        913.5574,
        913.5574,
        913.5574,
        913.5574,
        913.5574,
        913.5574,
        913.5574,
        913.5574,
        913.5574,
        913.5574,
        913.5574,
        913.4242,
        913.4242,
        913.256
    ]
}